CREATE DATABASE IF NOT EXISTS MODULO_FINAL;
USE MODULO_FINAL;
SET FOREIGN_KEY_CHECKS=0;
CREATE TABLE IF NOT EXISTS FUNCIONARIOS (
	ID_FUNCIONARIO INT AUTO_INCREMENT PRIMARY KEY NOT NULL, 
    NOME VARCHAR(45) NOT NULL,
    CPF VARCHAR(11) NOT NULL,
	DATA_NASCIMENTO DATE NOT NULL,
    ENDERECO VARCHAR(64) NOT NULL,
    TELEFONE VARCHAR(11) NOT NULL,
    EMAIL VARCHAR(65) NOT NULL,
    GENERO VARCHAR(20),
    DATA_ADMISSAO DATE NOT NULL,
    DATA_SAIDA DATE,
    DEPARTAMENTO VARCHAR(45) NOT NULL
);

CREATE TABLE IF NOT EXISTS FACILITADORES (
	ID_FACILITADOR INT AUTO_INCREMENT PRIMARY KEY NOT NULL, 
	ID_FUNCIONARIO INT NOT NULL, 
    SKILL VARCHAR(45),
    CONSTRAINT FOREIGN KEY (ID_FUNCIONARIO) REFERENCES FUNCIONARIOS(ID_FUNCIONARIO)
);

INSERT INTO FUNCIONARIOS (NOME, CPF,  DATA_NASCIMENTO, ENDERECO, TELEFONE, EMAIL, GENERO, DATA_ADMISSAO, DEPARTAMENTO) VALUES ('JOAO DA SILVA', '12345678910', '1988-10-25', 'RUA DA ROSA, NUMERO 13, PORTO ALEGRE, RS', '3140038922', 'JOAO@JOAO.COM.BR', 'MASCULINO', '2022-01-02', 'FINANCEIRO');
INSERT INTO FUNCIONARIOS (NOME, CPF,  DATA_NASCIMENTO, ENDERECO, TELEFONE, EMAIL, GENERO, DATA_ADMISSAO, DEPARTAMENTO) VALUES ('MARCELA DE SOUZA', '12345678911', '1985-07-03', 'RUA DA ROSA, NUMERO 15, PORTO ALEGRE, RS', '3140038922', 'MARCELA@MARCELA.COM.BR', 'FEMININO', '2022-02-02', 'ADMINISTRATIVO');
INSERT INTO FUNCIONARIOS (NOME, CPF,  DATA_NASCIMENTO, ENDERECO, TELEFONE, EMAIL, GENERO, DATA_ADMISSAO, DATA_SAIDA, DEPARTAMENTO) VALUES ('KAREN DA SILVA', '12345678912', '1992-05-10', 'RUA DA ROSA, NUMERO 16, PORTO ALEGRE, RS', '3140038923', 'KAREN@KAREN.COM.BR', 'FEMININO', '2022-02-02', '2022-05-05', 'ADMINISTRATIVO');
INSERT INTO FUNCIONARIOS (NOME, CPF,  DATA_NASCIMENTO, ENDERECO, TELEFONE, EMAIL, GENERO, DATA_ADMISSAO, DEPARTAMENTO) VALUES ('MARCOS DE SOUZA', '12345678913', '1999-08-09', 'RUA DA ROSA, NUMERO 17, PORTO ALEGRE, RS', '3140038924', 'MARLOS@MARLON.COM.BR', 'MASCULINO', '2021-10-02', 'COMPRAS');
INSERT INTO FUNCIONARIOS (NOME, CPF,  DATA_NASCIMENTO, ENDERECO, TELEFONE, EMAIL, GENERO, DATA_ADMISSAO, DEPARTAMENTO) VALUES ('GEREMIAS DA SILVA', '12345678914', '2001-06-09', 'RUA DA ROSA, NUMERO 18, PORTO ALEGRE, RS', '3140038925', 'GEREMIAS@GEREMIAS.COM.BR', 'MASCULINO', '2021-10-12', 'ADMINISTRATIVO');
INSERT INTO FUNCIONARIOS (NOME, CPF,  DATA_NASCIMENTO, ENDERECO, TELEFONE, EMAIL, GENERO, DATA_ADMISSAO, DEPARTAMENTO) VALUES ('MARIA DE SOUZA', '12345678915', '1991-12-20', 'RUA DA ROSA, NUMERO 19, PORTO ALEGRE, RS', '3140038926', 'MARIA@MARIA.COM.BR', 'FEMININO', '2021-10-04', 'COMERCIAL');
INSERT INTO FUNCIONARIOS (NOME, CPF,  DATA_NASCIMENTO, ENDERECO, TELEFONE, EMAIL, GENERO, DATA_ADMISSAO, DATA_SAIDA, DEPARTAMENTO) VALUES ('LUIS DA SILVA', '12345678916', '1990-01-20', 'RUA DA ROSA, NUMERO 20, PORTO ALEGRE, RS', '3140038927', 'LUIS@LUIS.COM.BR', 'MASCULINO', '2021-10-04', '2022-04-10','COMERCIAL');
INSERT INTO FUNCIONARIOS (NOME, CPF,  DATA_NASCIMENTO, ENDERECO, TELEFONE, EMAIL, GENERO, DATA_ADMISSAO, DEPARTAMENTO) VALUES ('MARTA DE SOUZA', '12345678917', '1990-11-09', 'RUA DA ROSA, NUMERO 21, PORTO ALEGRE, RS', '3140038928', 'MARTA@MARTA.COM.BR', 'FEMININO', '2021-09-10','MARKETING');
INSERT INTO FUNCIONARIOS (NOME, CPF,  DATA_NASCIMENTO, ENDERECO, TELEFONE, EMAIL, GENERO, DATA_ADMISSAO, DEPARTAMENTO) VALUES ('CAROL DA SILVA', '12345678918', '1989-05-28', 'RUA DA ROSA, NUMERO 23, PORTO ALEGRE, RS', '3140038929', 'CAROL@CAROL.COM.BR', 'FEMININO', '2021-11-15','EDUCACIONAL');
INSERT INTO FUNCIONARIOS (NOME, CPF,  DATA_NASCIMENTO, ENDERECO, TELEFONE, EMAIL, GENERO, DATA_ADMISSAO, DEPARTAMENTO) VALUES ('JORGE DE SOUZA', '12345678919', '1987-05-15', 'RUA DA ROSA, NUMERO 24, PORTO ALEGRE, RS', '3140038930', 'JORGE@JORGE.COM.BR', 'MASCULINO', '2022-03-07','EDUCACIONAL');
INSERT INTO FUNCIONARIOS (NOME, CPF,  DATA_NASCIMENTO, ENDERECO, TELEFONE, EMAIL, GENERO, DATA_ADMISSAO, DEPARTAMENTO) VALUES ('VICENTE DA SILVA', '12345678920', '1985-10-04', 'RUA DA ROSA, NUMERO 25, PORTO ALEGRE, RS', '3140038931', 'VICENTE@VICENTE.COM.BR', 'MASCULINO', '2022-02-05','EDUCACIONAL');
INSERT INTO FUNCIONARIOS (NOME, CPF,  DATA_NASCIMENTO, ENDERECO, TELEFONE, EMAIL, GENERO, DATA_ADMISSAO, DEPARTAMENTO) VALUES ('FERNANDA DA SOUZA', '12345678921', '1989-02-07', 'RUA DA ROSA, NUMERO 26, PORTO ALEGRE, RS', '3140038932', 'FERNANDA@FERNANDA.COM.BR', 'FEMININO', '2022-01-10','EDUCACIONAL');
INSERT INTO FUNCIONARIOS (NOME, CPF,  DATA_NASCIMENTO, ENDERECO, TELEFONE, EMAIL, GENERO, DATA_ADMISSAO, DEPARTAMENTO) VALUES ('LUCAS DE SOUZA', '12345678922', '1988-08-08', 'RUA DA ROSA, NUMERO 27, PORTO ALEGRE, RS', '3140038933', 'LUCAS@LUCAS.COM.BR', 'MASCULINO', '2022-01-04','EDUCACIONAL');
INSERT INTO FUNCIONARIOS (NOME, CPF,  DATA_NASCIMENTO, ENDERECO, TELEFONE, EMAIL, GENERO, DATA_ADMISSAO, DEPARTAMENTO) VALUES ('AMELIA DA SILVA', '12345678923', '1989-04-15', 'RUA DA ROSA, NUMERO 28, PORTO ALEGRE, RS', '3140038934', 'AMELIA@AMELIA.COM.BR', 'FEMININO', '2021-10-28','EDUCACIONAL');
INSERT INTO FUNCIONARIOS (NOME, CPF,  DATA_NASCIMENTO, ENDERECO, TELEFONE, EMAIL, GENERO, DATA_ADMISSAO, DEPARTAMENTO) VALUES ('LARA DA SOUZA', '12345678924', '1993-07-22', 'RUA DA ROSA, NUMERO 29, PORTO ALEGRE, RS', '3140038934', 'LARA@LARA.COM.BR', 'FEMININO', '2022-05-13','EDUCACIONAL');
INSERT INTO FUNCIONARIOS (NOME, CPF,  DATA_NASCIMENTO, ENDERECO, TELEFONE, EMAIL, GENERO, DATA_ADMISSAO, DEPARTAMENTO) VALUES ('DIEGO DA SILVA', '12345678925', '1989-10-21', 'RUA DA ROSA, NUMERO 30, PORTO ALEGRE, RS', '3140038935', 'DIEGO@DIEGO.COM.BR', 'MASCULINO', '2022-08-12','EDUCACIONAL');
INSERT INTO FUNCIONARIOS (NOME, CPF,  DATA_NASCIMENTO, ENDERECO, TELEFONE, EMAIL, GENERO, DATA_ADMISSAO, DATA_SAIDA, DEPARTAMENTO) VALUES ('FELIPE DA SILVA', '12345678926', '1988-11-03', 'RUA DA ROSA, NUMERO 31, PORTO ALEGRE, RS', '3140038936', 'FELIPE@FELIPE.COM.BR', 'MASCULINO', '2022-04-12','2022-08-11','EDUCACIONAL');

INSERT INTO FACILITADORES 
	(ID_FUNCIONARIO, SKILL) 
VALUES 
	(10, 'TECH'),
	(11, 'TECH'),
	(12, 'SOFT'),
	(13, 'SOFT'),
	(14, 'TECH'),
	(15, 'TECH');

CREATE TABLE IF NOT EXISTS TB_ALUNOS (
ID_ALUNO INTEGER PRIMARY KEY AUTO_INCREMENT,
NOME_ALUNO VARCHAR(100) NOT NULL,
CPF_ALUNO BIGINT(11) NOT NULL,
DATA_NASCIMENTO_ALUNO DATE,
ENDERECO VARCHAR(150),
TELEFONE BIGINT(13),
EMAIL VARCHAR(80),
GENERO VARCHAR(1)
);

INSERT INTO TB_ALUNOS 
	(ID_ALUNO, NOME_ALUNO, CPF_ALUNO, DATA_NASCIMENTO_ALUNO, ENDERECO, TELEFONE, EMAIL, GENERO)
VALUES 
	(DEFAULT, 'ADRIANA SOUZA', '02852474417', '1995-09-01', 'AV. BANDEIRANTES, 107', '5551994022852', 'ADRIANA@GMAIL.COM', 'F'),
	(DEFAULT, 'BEATRIZ LITOZ', '92852474212', '2000-06-17', 'RUA ALFENEIROS, 20971', '5511998022938', 'BEATRIZ@GMAIL.COM', 'F'),
	(DEFAULT, 'CAMILA SOUZA', '58499752547', '1998-10-28', 'RUA CRISTO REI, 5974', '5521998745852', 'CAMILA@GMAIL.COM', 'F'),
	(DEFAULT, 'DIEGO HOLLAND','59874474390', '1992-07-16', 'AV. PANAMERICANO, 87', '555199658742', 'DIEGO@GMAIL.COM', 'M'),
	(DEFAULT, 'ERICK FREITAS', '18565492073', '1996-03-11', 'AV. CONSTANTINO, 91', '551199785266', 'ERICK@GMAIL.COM', 'M'),
	(DEFAULT, 'FERNANDA TORRES', '31515552851', '1997-03-02', 'AV. CRICIUMA, 12', '5531998745852', 'FERNANDA@GMAIL.COM', 'F'),
	(DEFAULT, 'GIOVANI TURRET', '59346942789', '1999-11-13', 'AV. ORTOLANO, 20', '5541998745852', 'GIOVANI@GMAIL.COM', 'M'),
	(DEFAULT, 'SABRINA LIZBETH', '54878998877', '1994-01-14', 'AV. ASSIS BRASIL, 901', '5571998745852', 'SABRINA@GMAIL.COM', 'F'),
	(DEFAULT, 'SANDRO ABENTH', '98888777456', '1993-07-09', 'AV. OSVALDO CRUZ, 107', '5581998745852', 'SANDRO@GMAIL.COM', 'M'),
	(DEFAULT, 'ZENILDO ANTUNES', '59999877022', '1995-07-07', 'AV. MONTENEGRO, 107', '5591998745852', 'ZENILDO@GMAIL.COM', 'M'),
	(DEFAULT, 'FELIPE CASTRO', '55665556520', '2001-08-09', 'RUA LARANJEIRAS, 84', '5521998022938', 'FELIPE@GMAIL.COM', 'M'),
	(DEFAULT, 'JOSE SILVA', '58877999855', '2001-09-01', 'BECO 1, 107', '5531998022938', 'JOSE@GMAIL.COM', 'M'),
	(DEFAULT, 'BRUNO SOTHI', '22115998878', '2000-03-09', 'RUA BASIL SEFTON, 90', '5541998022938', 'BRUNO@GMAIL.COM', 'M'),
	(DEFAULT, 'THAIS BRITO', '18565492073', '1995-05-09', 'AV. CEARA, 107', '5561998022938', 'THAIS@GMAIL.COM', 'F'),
	(DEFAULT, 'GESSICA SOUZA', '18565492073', '1998-06-13', 'AV. PERNAMBUCO, 08', '5571998022938', 'GESSICA@GMAIL.COM', 'F'),
	(DEFAULT, 'TAMIRES CORREA', '21185802851', '1999-11-13', 'AV. VITÓRIA, 11', '5581998022938', 'TAMIRES@GMAIL.COM', 'F'),
	(DEFAULT, 'LEANDRO BARRIOS', '23185802853', '1999-01-19', 'AV. PAULISTA, 24', '5591998022938', 'LEANDRO@GMAIL.COM', 'M'),
	(DEFAULT, 'DIEGO HENLETH', '23185802853', '1993-07-09', 'RUA CARIOCA, 37', '5551987458721', 'DIEGO@GMAIL.COM', 'M'),
	(DEFAULT, 'GUILHERME SODRE', '23185702857', '1993-10-10', 'RUA BAHIA, 58', '5521987458721', 'GUILHERME@GMAIL.COM', 'M'),
	(DEFAULT, 'MURILO ANDREAS', '10185802853', '1995-12-25', 'AV. BANDEIRANTES, 1078', '5531987458721', 'MURILO@GMAIL.COM', 'M');

CREATE TABLE IF NOT EXISTS TB_MATRICULA (
ID_MATRICULA INT PRIMARY KEY NOT NULL AUTO_INCREMENT,
ID_ALUNO INT NOT NULL,
ID_CURSO INT NOT NULL,
TURNO SMALLINT(1),
CONSTRAINT FOREIGN KEY (ID_ALUNO) REFERENCES TB_ALUNOS(ID_ALUNO),
CONSTRAINT FOREIGN KEY (ID_CURSO) REFERENCES TB_CURSOS(ID_CURSO)
);

INSERT INTO TB_MATRICULA 
	(ID_MATRICULA,ID_ALUNO, ID_CURSO, TURNO)
VALUES
    (DEFAULT, 1, 1, 1),
    (DEFAULT, 2, 2, 3),
    (DEFAULT, 3, 1, 2),
    (DEFAULT, 4, 1, 3),
    (DEFAULT, 5, 2, 2),
    (DEFAULT, 6, 1, 1),
    (DEFAULT, 7, 1, 3),
    (DEFAULT, 8, 2, 3),
    (DEFAULT, 9, 1, 1),
    (DEFAULT, 10, 2, 2),
    (DEFAULT, 11, 1, 2),
    (DEFAULT, 12, 2, 1),
    (DEFAULT, 13, 1, 3),
    (DEFAULT, 14, 1, 2),
    (DEFAULT, 15, 1, 1),
    (DEFAULT, 16, 1, 2),
    (DEFAULT, 17, 1, 1),
    (DEFAULT, 18, 1, 2),
    (DEFAULT, 19, 1, 1),
    (DEFAULT, 20, 1, 2);
    
CREATE TABLE IF NOT EXISTS TURMA(
ID_TURMA INT AUTO_INCREMENT PRIMARY KEY NOT NULL, 
ID_CURSO INT NOT NULL,
DATA_INICIO DATE NOT NULL,
DATA_FIM DATE NOT NULL,
ID_FACILTECH INT NOT NULL,
ID_FACILSOFT INT NOT NULL,
CONSTRAINT FOREIGN KEY (ID_CURSO)REFERENCES TB_CURSOS(ID_CURSO),
CONSTRAINT FK_FACILTECH FOREIGN KEY (ID_FACILTECH)REFERENCES FACILITADORES(ID_FACILITADOR),
CONSTRAINT FK_FACILSOFT FOREIGN KEY (ID_FACILSOFT)REFERENCES FACILITADORES(ID_FACILITADOR)
);

INSERT INTO TURMA 
	(ID_CURSO,DATA_INICIO,DATA_FIM,ID_FACILTECH,ID_FACILSOFT)
VALUES 
	(1, "2022/02/01", "2022-08-20", 1, 3),
	(2, "2022/04/01", "2022-10-30", 2, 4), 
    (1, "2022/05/01", "2022-11-03", 5, 3),
    (1, "2022/06/01", "2022-12-01", 6, 4),
    (2, "2022/08/01", "2023-02-05", 1, 4),
    (1, "2022/09/01", "2023-04-08", 2, 3),
    (1, "2022/10/01", "2023-06-20", 5, 3),
    (2, "2022/01/01", "2022-06-20", 6, 4),
    (1, "2022/12/01", "2023-05-07", 1, 4),
    (1, "2022/11/01", "2023-04-20", 6, 4);

CREATE TABLE IF NOT EXISTS AVALIACAO(
ID_AVALIACAO INT AUTO_INCREMENT PRIMARY KEY NOT NULL, 
ID_MATRICULA INT NOT NULL,
AVALIACAO VARCHAR(45) NOT NULL,
ID_TURMA INT NOT NULL,

CONSTRAINT FOREIGN KEY (ID_MATRICULA)REFERENCES TB_MATRICULA(ID_MATRICULA),
CONSTRAINT FOREIGN KEY (ID_TURMA)REFERENCES TURMA(ID_TURMA)
);

INSERT INTO AVALIACAO 
	(ID_MATRICULA,AVALIACAO,ID_TURMA)
VALUES  
	(1, "MAIS QUE PRONTO", 1),
    (2, "PROVOU SEU DIFERENCIAL", 10),
    (3, "COLOCOU TUDO EM PRÁTICA", 9),
    (4, "MAIS QUE PRONTO", 10),
    (5, "COLOCOU TUDO EM PRÁTICA", 2),
	(6, "PROVOU SEU DIFERENCIAL", 1),
    (7, "COLOCOU TUDO EM PRÁTICA", 10),
    (8,"ESTÁ QUASE LÁ", 6),
    (9,"COLOCOU TUDO EM PRÁTICA", 3),
    (10, "MAIS QUE PRONTO", 6),
    (11, "PROVOU SEU DIFERENCIAL", 5),
    (12, "CHEGANDO LÁ", 6),
    (13, "ESTÁ QUASE LÁ", 5),
    (14, "MAIS QUE PRONTO", 2),
    (15,"MAIS QUE PRONTO", 2),
    (16,"MAIS QUE PRONTO", 6),
    (17,"ESTÁ QUASE LÁ", 6),
    (18, "PROVOU SEU DIFERENCIAL", 6),
    (19,"CHEGANDO LÁ", 2),
    (20, "MAIS QUE PRONTO", 6);
    
CREATE TABLE IF NOT EXISTS TB_VALCURSOS(
ID_CURSOS INT NOT NULL,
VALOR_CURSOS DECIMAL (10,2) NOT NULL,
FORMAPAGAMENTO_CURSOS VARCHAR(100) NOT NULL,
CONSTRAINT FOREIGN KEY (ID_CURSOS)REFERENCES TB_CURSOS(ID_CURSO)
);

INSERT INTO TB_VALCURSOS 
	(ID_CURSOS, VALOR_CURSOS, FORMAPAGAMENTO_CURSOS)
VALUES 
	(1, 13.500, 'A VISTA'),
	(1, 13.500, 'CARTAO DE CREDITO'),
	(1, 13.500, 'BOLETO'),
	(2, 15.000, 'A VISTA'),
	(2, 15.000, 'CARTAO DE CREDITO'),
	(2, 15.000, 'BOLETO');

CREATE TABLE IF NOT EXISTS TB_MODULOS (
ID_MODULO INT  PRIMARY KEY AUTO_INCREMENT , 
NOME_MODULO VARCHAR(80) NOT NULL, 
CONTEUDO VARCHAR(200) NOT NULL,
SKILL VARCHAR(30) NOT NULL,
ID_CURSO INT NOT NULL,
CONSTRAINT FOREIGN KEY (ID_CURSO)  REFERENCES TB_CURSOS(ID_CURSO) -- ESTAVA ERRADO IDMOD -> IDCURSO
-- CONSTRAINT FOREIGN KEY (ID_MODULO)REFERENCES TB_CURSOS(ID_CURSO)
);
INSERT INTO TB_MODULOS
	(ID_MODULO, NOME_MODULO, CONTEUDO, SKILL, ID_CURSO)
VALUES
	(DEFAULT,"MODULO 1", "APRENDER A APRENDER", "SOFT SKILLS","1"),
    (DEFAULT,"MODULO 1", "GESTÃO DE TEMPO", "SOFT SKILLS", "1"),
    (DEFAULT,"MODULO 1", "AUTOCONHECIMENTO E CARREIRA", "SOFT SKILLS", "1"),
    (DEFAULT,"MODULO 1", "PENSAMENTO COMPUTACIONAL E ALGORÍTMICO", "HARD SKILLS", "1"),
    (DEFAULT,"MODULO 1", "LÓGICA DE PROGRAMAÇÃO PARA INTERAGIR COM ESTRUTURAS DE DADOS", "HARD SKILLS", "1"),
    (DEFAULT,"MODULO 1", "INTRODUÇÃO À PROTOTIPAGEM", "HARD SKILLS", "1"),
    (DEFAULT,"MODULO 2", "VISÃO DE NEGÓCIOS", "SOFT SKILLS", "1"),
    (DEFAULT,"MODULO 2", "CRIATIVIDADE", "SOFT SKILLS", "1"),
    (DEFAULT,"MODULO 2", "AUTOCONHECIMENTO E CARREIRA", "SOFT SKILLS", "1"),
    (DEFAULT,"MODULO 2", "BUSINESS PROCESS E REGRAS DE NEGÓCIO", "HARD SKILLS", "1"),
    (DEFAULT,"MODULO 2", "LEVANTAMENTO DE REQUISITOS", "HARD SKILLS", "1"),
    (DEFAULT,"MODULO 2", "ESTRUTURAS DE DADOS", "HARD SKILLS", "1"),
    (DEFAULT,"MODULO 2", "ORIENTAÇÃO A OBJETOS", "HARD SKILLS", "1"), 
    (DEFAULT,"MODULO 3", "CAPACIDADE INVESTIGATIVA", "SOFT SKILLS", "2"),
    (DEFAULT,"MODULO 3", "ANÁLISE DE DADOS", "SOFT SKILLS", "2"),
    (DEFAULT,"MODULO 3", "BANCO DE DADOS RELACIONAIS", "HARD SKILLS", "2"),
    (DEFAULT,"MODULO 3", "BANCO DE DADOS NÃO-RELACIONAIS", "HARD SKILLS", "2"),
    (DEFAULT,"MODULO 3", "CONSULTAS A BANCOS DE DADOS", "HARD SKILLS", "2"),
    (DEFAULT,"MODULO 3", "CRUD COM SQL", "HARD SKILLS", "2"),
    (DEFAULT,"MODULO 4", "INTELIGÊNCIA EMOCIONAL", "SOFT SKILLS", "2"),
    (DEFAULT,"MODULO 4", "GESTÃO DE CONFLITOS", "SOFT SKILLS", "2"),
    (DEFAULT,"MODULO 4", "RELACIONAMENTO INTERPESSOAL", "SOFT SKILLS", "2"),
    (DEFAULT,"MODULO 4", "TRABALHO EM EQUIPE", "SOFT SKILLS", "2"),
    (DEFAULT,"MODULO 4", "COMUNICAÇÃO", "SOFT SKILLS", "2"),
    (DEFAULT,"MODULO 4", "TESTES E AUTOMATIZAÇÕES", "HARD SKILLS", "2"),
    (DEFAULT,"MODULO 4", "PUBLICAÇÃO E FERRAMENTAS DE MONITORAMENTO", "HARD SKILLS", "2");
    
CREATE TABLE IF NOT EXISTS TB_CURSOS (
ID_CURSO INT PRIMARY KEY NOT NULL, 
NOME_CURSO VARCHAR(100) NOT NULL, 
CARGA_HORARIA INT NOT NULL,
CUSTO INT NOT NULL
);
 INSERT INTO TB_CURSOS
	(ID_CURSO, NOME_CURSO, CARGA_HORARIA, CUSTO)
VALUES
	("1", "FORMAÇÃO WEBDEV FULL STACK", 500, 12936.00),
    ("2", "FORMAÇÃO EM DATA ANALYTICS", 500, 12936.00);

SET FOREIGN_KEY_CHECKS=1;
